PersonId,CommunityId,First-Name,Last-Name,age,house
1,9,FirstName 1,LastName 1,47,House 1
2,1,FirstName 2,LastName 2,16,House 2
3,5,FirstName 3,LastName 3,70,House 3
4,3,FirstName 4,LastName 4,67,House 4
5,2,FirstName 5,LastName 5,40,House 5
6,10,FirstName 6,LastName 6,17,House 6
7,8,FirstName 7,LastName 7,85,House 7
8,6,FirstName 8,LastName 8,47,House 8
9,9,FirstName 9,LastName 9,53,House 9
10,9,FirstName 10,LastName 10,30,House 10
11,2,FirstName 11,LastName 11,27,House 11
12,6,FirstName 12,LastName 12,7,House 12
13,8,FirstName 13,LastName 13,28,House 13
14,7,FirstName 14,LastName 14,8,House 14
15,2,FirstName 15,LastName 15,12,House 15
16,9,FirstName 16,LastName 16,28,House 16
17,1,FirstName 17,LastName 17,9,House 17
18,3,FirstName 18,LastName 18,92,House 18
19,3,FirstName 19,LastName 19,29,House 19
20,4,FirstName 20,LastName 20,58,House 20
21,2,FirstName 21,LastName 21,45,House 21
22,10,FirstName 22,LastName 22,51,House 22
23,9,FirstName 23,LastName 23,48,House 23
24,5,FirstName 24,LastName 24,54,House 24
25,10,FirstName 25,LastName 25,8,House 25
26,3,FirstName 26,LastName 26,56,House 26
27,1,FirstName 27,LastName 27,58,House 27
28,2,FirstName 28,LastName 28,79,House 28
29,5,FirstName 29,LastName 29,93,House 29
30,3,FirstName 30,LastName 30,19,House 30
31,6,FirstName 31,LastName 31,77,House 31
32,7,FirstName 32,LastName 32,99,House 32
33,1,FirstName 33,LastName 33,43,House 33
34,8,FirstName 34,LastName 34,89,House 34
35,4,FirstName 35,LastName 35,44,House 35
36,4,FirstName 36,LastName 36,29,House 36
37,4,FirstName 37,LastName 37,16,House 37
38,6,FirstName 38,LastName 38,36,House 38
39,9,FirstName 39,LastName 39,32,House 39
40,6,FirstName 40,LastName 40,90,House 40
41,5,FirstName 41,LastName 41,7,House 41
42,10,FirstName 42,LastName 42,29,House 42
43,2,FirstName 43,LastName 43,14,House 43
44,4,FirstName 44,LastName 44,73,House 44
45,1,FirstName 45,LastName 45,79,House 45
46,10,FirstName 46,LastName 46,38,House 46
47,7,FirstName 47,LastName 47,97,House 47
48,3,FirstName 48,LastName 48,29,House 48
49,7,FirstName 49,LastName 49,35,House 49
50,2,FirstName 50,LastName 50,8,House 50
