<?xml version="1.0" encoding="UTF-8"?>
<project-private xmlns="http://www.netbeans.org/ns/project-private/1">
    <editor-bookmarks xmlns="http://www.netbeans.org/ns/editor-bookmarks/2" lastBookmarkId="0"/>
    <open-files xmlns="http://www.netbeans.org/ns/projectui-open-files/2">
        <group>
            <file>file:/C:/STUDY/INFO5100/Lab/Xianzhou_Pan_001582129/Assignment_5/db4odemo/src/userinterface/CustomerRole/CommentJPanel.java</file>
            <file>file:/C:/STUDY/INFO5100/Lab/Xianzhou_Pan_001582129/Assignment_5/db4odemo/src/userinterface/CustomerRole/RequestLabTestJPanel.java</file>
            <file>file:/C:/STUDY/INFO5100/Lab/Xianzhou_Pan_001582129/Assignment_5/db4odemo/src/userinterface/RestaurantAdminRole/AdminWorkAreaJPanel.java</file>
            <file>file:/C:/STUDY/INFO5100/Lab/Xianzhou_Pan_001582129/Assignment_5/db4odemo/src/userinterface/RestaurantAdminRole/ManageMenuJPanel.java</file>
            <file>file:/C:/STUDY/INFO5100/Lab/Xianzhou_Pan_001582129/Assignment_5/db4odemo/src/userinterface/CustomerRole/CustomerAreaJPanel.java</file>
            <file>file:/C:/STUDY/INFO5100/Lab/Xianzhou_Pan_001582129/Assignment_5/db4odemo/src/Business/Role/AdminRole.java</file>
            <file>file:/C:/STUDY/INFO5100/Lab/Xianzhou_Pan_001582129/Assignment_5/db4odemo/src/Business/Role/SystemAdminRole.java</file>
            <file>file:/C:/STUDY/INFO5100/Lab/Xianzhou_Pan_001582129/Assignment_5/db4odemo/src/userinterface/SystemAdminWorkArea/ManageDeliveryManJPanel.java</file>
            <file>file:/C:/STUDY/INFO5100/Lab/Xianzhou_Pan_001582129/Assignment_5/db4odemo/src/userinterface/RestaurantAdminRole/ManageOrderJPanel.java</file>
            <file>file:/C:/STUDY/INFO5100/Lab/Xianzhou_Pan_001582129/Assignment_5/db4odemo/src/Business/Restaurant/Menu.java</file>
            <file>file:/C:/STUDY/INFO5100/Lab/Xianzhou_Pan_001582129/Assignment_5/db4odemo/src/userinterface/SystemAdminWorkArea/SystemAdminWorkAreaJPanel.java</file>
            <file>file:/C:/STUDY/INFO5100/Lab/Xianzhou_Pan_001582129/Assignment_5/db4odemo/src/Business/Role/DeliverManRole.java</file>
            <file>file:/C:/STUDY/INFO5100/Lab/Xianzhou_Pan_001582129/Assignment_5/db4odemo/src/userinterface/SystemAdminWorkArea/ManageRestaurantsManagerJPanel.java</file>
            <file>file:/C:/STUDY/INFO5100/Lab/Xianzhou_Pan_001582129/Assignment_5/db4odemo/src/Business/Role/Role.java</file>
            <file>file:/C:/STUDY/INFO5100/Lab/Xianzhou_Pan_001582129/Assignment_5/db4odemo/src/userinterface/MainJFrame.java</file>
            <file>file:/C:/STUDY/INFO5100/Lab/Xianzhou_Pan_001582129/Assignment_5/db4odemo/src/Business/Restaurant/RestaurantDirectory.java</file>
            <file>file:/C:/STUDY/INFO5100/Lab/Xianzhou_Pan_001582129/Assignment_5/db4odemo/src/Business/Restaurant/Restaurant.java</file>
            <file>file:/C:/STUDY/INFO5100/Lab/Xianzhou_Pan_001582129/Assignment_5/db4odemo/src/Business/Role/CustomerRole.java</file>
            <file>file:/C:/STUDY/INFO5100/Lab/Xianzhou_Pan_001582129/Assignment_5/db4odemo/src/userinterface/DeliveryManRole/DeliveryManWorkAreaJPanel.java</file>
        </group>
    </open-files>
</project-private>
